varname,is_night_apply,
,,
行标签,平均值项:factor_per,平均值项:bad_per
1,0.141666667,0.117647059
0,0.858333333,0.019417476
总计,0.5,0.068532267
